 Mia"	1103024456	MA	1450	32	Female
 Nan "	1307059817	MA	2330	29	Female
 Leigh Ann"	711007713	MA	1844	30	Female
 Bonalyn"	1307060188	MA	2468	30	Female
 Thomas"	1406068403	TX	78230	29	Male
 Jason"	1111030148	MA	2452	30	Male
 Leonara "	602000312	CT	6070	29	Female
 Alejandro "	1212052023	MA	1886	30	Male
 Anthony"	1102024173	MA	2135	28	Male
 Linda"	1101023540	MA	2119	29	Female
 Carlos"	1012023013	MA	2138	30	Male
 Neville "	1104025466	MA	1420	29	Male
Trina"	1011022883	MA	1886	29	Female
 Carol "	1001417624	MA	2169	28	Female
 Helen"	1308060366	MA	2031	28	Female
 Donna"	1406068293	MA	1701	27	Female
 Caroline  "	1012023295	MA	2044	29	Female
   Jean"	1311063172	MA	1821	30	Female
 Marianne"	1406067865	MA	2343	26	Female
 April"	1107027392	MA	2458	28	Female
 Nilson  "	1302053339	MA	2132	28	Male
 Mildred"	1501072192	MA	2145	27	Female
 Shenice  "	1408069539	MA	2451	25	Female
 Rose "	1408069882	MA	1775	27	Female
 Colombui"	1204033041	MA	2110	28	Male
 Emil"	1307060058	MA	2458	29	Male
 Hong"	1305057440	MA	2451	29	Male
 Bruno"	1405067492	MA	2155	30	Male
 Kamrin"	1302053362	MA	2154	29	Female
 Abdellah "	1203032235	MA	2171	30	Male
 Scott"	1307060212	MA	2030	30	Male
 Sarah"	1005019209	MA	1810	29	Female
 Dianna"	1403066125	MA	2171	27	Female
 Angela"	1105025661	MA	2133	28	Female
 Nicole"	1402065085	MA	2324	30	Female
 Earnest"	1307059937	MA	2155	29	Male
 Rosalie"	1103024924	MA	2351	25	Female
 Brigit"	1406067957	MA	2149	30	Female
 Erasumus  "	1404066711	MA	1450	25	Male
 Ermine"	1202031821	MA	2472	28	Female
 Constance"	1012023103	MA	1851	30	Female
 Latia"	1409070567	CA	90007	29	Female
 Jenna  "	1408069481	WA	98052	30	Female
 Alfred"	1306059197	NH	3062	29	Male
 Myriam"	1203032099	IN	46204	28	Female
 Giovanni"	1412071660	UT	84111	29	Male
 Dheepa"	1111030684	GA	30428	28	Female
 Jasmine"	1501072180	FL	33174	27	Female
 Xana"	1102024106	KY	40220	29	Female
 Caitrin"	1411071295	MT	59102	28	Female
Jackie"	1312063714	AZ	85006	26	Female
 Noah"	1111030503	ME	4063	28	Male
 Lynn"	1402065303	VT	5473	27	Female
 Donysha    "	1109029264	PA	19444	28	Female
 Judith"	1101023577	MA	2132	30	Female
 Susan"	1401064670	MA	1749	30	Female
 Sandra"	1303054625	MA	2135	30	Female
